,file_name,doc_id
0,connections.txt,5af9dd1fa0cdf12ec023e34e1295f793a3736c5949a7266d63cb26d216d05dc1
1,construction.txt,f19db41bc0413cf985fe1bf8117be01b3553cacebd0b2e38fe511f24bbe0a8d0
2,swimminng.txt,7eea43c63e7ff2e72aa1bf9528a8529b4072927c81cc3c9c659c4ece240db9f8
3,deltares-pond-history.txt,b35111e269c72e343038a18869a324a2714d626e511da308c634a1bde1160f25
4,Characteristics of Ponds Used by Breeding Mottled.pdf,63e5927205a3f5b4aafba4a1e343f5801332d2832aacdb424c14dccbd669f2f1
5,Characteristics of Ponds Used by Breeding Mottled.pdf_5,83c0fd494aa3effd80d8f7d6bc1bec282601f42a8ff6f3fbbcf4285b704eb54f
6,Characteristics of Ponds Used by Breeding Mottled.pdf_6,53989921b39c5b2da5796990b7a84474f2ac788d45718a0cf660ec49db7fd420
7,Characteristics of Ponds Used by Breeding Mottled.pdf_7,defe2adf161d4b38d2843a761b6f42774453e83b28ab58eafeee15558cdccc95
8,Characteristics of Ponds Used by Breeding Mottled.pdf_8,c5fa6e75ea0c354e1f769c0e0ab82df41339eee8bd26ae5550faad5977e99370
9,Characteristics of Ponds Used by Breeding Mottled.pdf_9,7e1c9e3a39a465b49a3a2039f63755a5f521e0957c81b6fee02e3ef867c39a9e
10,Characteristics of Ponds Used by Breeding Mottled.pdf_10,b7efb5ade24703eba51edf205f72dd508384e08206b406d02415ef64942b820e
11,Characteristics of Ponds Used by Breeding Mottled.pdf_11,beb71afe66e71a004bed1170a8a89a2daba79ce13c9bbbaec440dda7026e0862
12,Characteristics of Ponds Used by Breeding Mottled.pdf_12,dda8667ec2de8e3104a98d4b699a5db9128f99b2839486a08ad347993d425afa
13,Geese Raising on Fish Ponds.pdf,5ca0cce3f0ff6cb40ac96325fe135de748230a7a9887f4b1b4bda9c0d87f0215
14,Geese Raising on Fish Ponds.pdf_14,ef086f5860894b85bbe0ae6fc4c3af21a6d3b23d817fced3128752dc0b3294f2
15,Geese Raising on Fish Ponds.pdf_15,731b81f01e129aa6ed61e0106a0ad2785fd23c4cfa0b89e15e77e96a572b7812
16,Geese Raising on Fish Ponds.pdf_16,2143467ba3130ced9e4365911ecde905f0656d33dc96505ee90139989bf88924
17,mproving Geese Production Performance in “Goose-Fish” Production System by Competitive Reduction of Pathogenic Bacteria in Pond Water.pdf,ca8271bbf91a73c18a56927255f79d195ecb748b27e230f367150db69b0cffc1
18,mproving Geese Production Performance in “Goose-Fish” Production System by Competitive Reduction of Pathogenic Bacteria in Pond Water.pdf_18,ceb6da5c41d5957e4b7c5c2c183ef275c258d992d764b5ea8a9189cc4b7f4cce
19,mproving Geese Production Performance in “Goose-Fish” Production System by Competitive Reduction of Pathogenic Bacteria in Pond Water.pdf_19,213dbb479845f23588e213c344108eec85b234c3de06a0e3865b31c27c161323
20,mproving Geese Production Performance in “Goose-Fish” Production System by Competitive Reduction of Pathogenic Bacteria in Pond Water.pdf_20,f260d79e33db430ac3199e011bf10d76e56843921c7186d88a4872097f8b33e0
21,mproving Geese Production Performance in “Goose-Fish” Production System by Competitive Reduction of Pathogenic Bacteria in Pond Water.pdf_21,3c34b3e634428ed32daeeb6a45221649a756238711dc6a9ad379a967b5c73f34
22,mproving Geese Production Performance in “Goose-Fish” Production System by Competitive Reduction of Pathogenic Bacteria in Pond Water.pdf_22,ce947b8fe9a8989e868e581e05e618252c1e50dc01019386056871b941faddf7
23,mproving Geese Production Performance in “Goose-Fish” Production System by Competitive Reduction of Pathogenic Bacteria in Pond Water.pdf_23,8405854147f56fa3a633086e9149248cfa74635c8d082672506893f24cf12a8b
24,mproving Geese Production Performance in “Goose-Fish” Production System by Competitive Reduction of Pathogenic Bacteria in Pond Water.pdf_24,4500f4a2c22ec3fb90295bb8102617eb44fb77f600266697aa389be5bdebd16f
25,mproving Geese Production Performance in “Goose-Fish” Production System by Competitive Reduction of Pathogenic Bacteria in Pond Water.pdf_25,ec25ec39cf2546221483c9b9746d458d52f859ee805f557a631b09155b882d22
26,Aquaculture pond ecosystem model- temperature and dissolved oxygen prediction - mechanism and application.pdf,fa67c778fe203b6d25912e137fdd5ed1612f55cb75b603750d5d285a24b44f29
27,Aquaculture pond ecosystem model- temperature and dissolved oxygen prediction - mechanism and application.pdf_27,9bc2c958ba739d7f043aa527fe32c979eb2fbb22d13291311f6c09b7bbc0a8d3
28,Aquaculture pond ecosystem model- temperature and dissolved oxygen prediction - mechanism and application.pdf_28,bcd3fa213fe24a4a1dcfa9b1619711af8d3936d4031a692ab4dfb0cfd524f7c3
29,Aquaculture pond ecosystem model- temperature and dissolved oxygen prediction - mechanism and application.pdf_29,85df2502a8d870b596843ffe2e5f98b795d87bd02ed38db32b69097ae86955e2
30,Aquaculture pond ecosystem model- temperature and dissolved oxygen prediction - mechanism and application.pdf_30,287dc031a1442d0625d23598628352cf485adf4967db85acbc0f6aff5cd03956
31,Aquaculture pond ecosystem model- temperature and dissolved oxygen prediction - mechanism and application.pdf_31,d6708e45891cc17d6899453aae491e2d9dc07438843a2081d09e69b47e359040
32,Aquaculture pond ecosystem model- temperature and dissolved oxygen prediction - mechanism and application.pdf_32,05389e9bc2e6a37e5940e4c738fee8c0cf6669ed03455d383a07e10bb4d2aedd
33,Aquaculture pond ecosystem model- temperature and dissolved oxygen prediction - mechanism and application.pdf_33,a33ce2598d2efa876f2b1cfe3ad24ba523ddade2bbe16433f4bc16f40071e6e5
34,Aquaculture pond ecosystem model- temperature and dissolved oxygen prediction - mechanism and application.pdf_34,7f2d02b916a430f276a2216ed5d86a890b77b77b30d6c4bffe26d6a8138b9674
35,Aquaculture pond ecosystem model- temperature and dissolved oxygen prediction - mechanism and application.pdf_35,61e344ecbea102980dbd71c80ab56ad903b47109c8278787044fcfc21dad9039
36,Aquaculture pond ecosystem model- temperature and dissolved oxygen prediction - mechanism and application.pdf_36,97c89872febed1384d75098455f17fc4c512888ff54ea449506f1a0c2ea7462d
37,Aquaculture pond ecosystem model- temperature and dissolved oxygen prediction - mechanism and application.pdf_37,25f3f22d62076426e06fa0949f478a19d9e24c7ef2a7b851b90f5715978fe99f
38,Aquaculture pond ecosystem model- temperature and dissolved oxygen prediction - mechanism and application.pdf_38,c791b7a4b41e9bcd2fe1e3e636c0cf32c3c819760a9a3d3ab9cd9cb5e94e9ade
39,Aquaculture pond ecosystem model- temperature and dissolved oxygen prediction - mechanism and application.pdf_39,399a0b3d9f38f6a6a9d9e33bcdbf9c79f0700554c2fcc66a2ce02ee9f6828dd6
40,Aquaculture pond ecosystem model- temperature and dissolved oxygen prediction - mechanism and application.pdf_40,7d584c59c77efe2a10817160bb420894165c98f34604d0b500cba1be03e4d3a2
41,Aquaculture pond ecosystem model- temperature and dissolved oxygen prediction - mechanism and application.pdf_41,e87b7737ee4d1a62fbc55fcca6e8cf0b6079e6f7445237ff5f281972f2cc830e
42,Aquaculture pond ecosystem model- temperature and dissolved oxygen prediction - mechanism and application.pdf_42,c5c27c075d3fdda241b3eac0878567bf706aeacaca10fd0aae9e0dd940615509
43,Aquaculture pond ecosystem model- temperature and dissolved oxygen prediction - mechanism and application.pdf_43,fadeb0e41395b26837008793685e0bc1afbaf4ae06405702645087aa9fde6a00
44,Aquaculture pond ecosystem model- temperature and dissolved oxygen prediction - mechanism and application.pdf_44,1dd93487e85a32927e8a951940e57de12f7abe068578c6983c4fe220c52d41a5
45,Aquaculture pond ecosystem model- temperature and dissolved oxygen prediction - mechanism and application.pdf_45,2e24cfd442804037257b4b272b7bdb2c3d528b6f1d79cf2b66328d7c1f13e95b
46,Aquaculture pond ecosystem model- temperature and dissolved oxygen prediction - mechanism and application.pdf_46,8cdb26ccf3edbfe952317ed417c2f1ad6070f303f366950aa3e5ba1ce67bb0c8
47,Aquaculture pond ecosystem model- temperature and dissolved oxygen prediction - mechanism and application.pdf_47,b9b787c626086deef1b0401f9c4ef147910a7032344d0a5a692b6e3830ba711f
48,Aquaculture pond ecosystem model- temperature and dissolved oxygen prediction - mechanism and application.pdf_48,be7873241cce15eb7a563143bff668dd23302e8ea9760d4878b840c3bc0862ff
49,Aquaculture pond ecosystem model- temperature and dissolved oxygen prediction - mechanism and application.pdf_49,dad18cf2114bb7f2e9348576aff307be2fe84ba95e7f5f3dc2a9bb39ed2d16a7
50,Aquaculture pond ecosystem model- temperature and dissolved oxygen prediction - mechanism and application.pdf_50,8a6365686011d9e2adf782289915d2d4c36a89e1e761d82c3cb422ed1ec44e98
51,Aquaculture pond ecosystem model- temperature and dissolved oxygen prediction - mechanism and application.pdf_51,c93df051e2534c113cd5a2453fbc51cfad74b6e7d27140d770eec64354315f61
52,Aquaculture pond ecosystem model- temperature and dissolved oxygen prediction - mechanism and application.pdf_52,c0f760689f11c3e72d0f98acf728f6270d5f0f16075f4ca11b3e39eee922a058
53,Aquaculture pond ecosystem model- temperature and dissolved oxygen prediction - mechanism and application.pdf_53,f335e4d646b1791084ca730bfdf944c40c9437ec74d6eb5e7479bc984f35f7b6
54,How To Test Pond Water Easily_ Expert Guide For Best Results.pdf,1b18f119913485cd26e3bfd4e8f254a5214e35082f5c506feab5588fd86a9345
55,How To Test Pond Water Easily_ Expert Guide For Best Results.pdf_55,255d48712a653f7d72ef0f56c5885a91d950f50112ca99288043816477defd92
56,How To Test Pond Water Easily_ Expert Guide For Best Results.pdf_56,723a1947566a6efbca62f963b611d32e883d027d2ae05cc458f4d03220874e1b
57,How To Test Pond Water Easily_ Expert Guide For Best Results.pdf_57,cbf51074cb3bd19c4fb9d3dfdc78b711391b4ac7fe9c2985f2fe8d1a111a6fa7
58,How To Test Pond Water Easily_ Expert Guide For Best Results.pdf_58,e47cb4282bced192120851c1fc9a7385f94e380500427e4ed41385ec9217d986
59,How To Test Pond Water Easily_ Expert Guide For Best Results.pdf_59,fb3fd7b4d3ee27af1d562bebaa7840788a2c52f99cfcde151739f233c9a578e0
60,Pond Ecosystem Explained_ Learn Its Role & Fascinating Facts.pdf,d97ab9370757ea378bee8ba6753c219692266cc36a1dcbc19989fbb4a6e35e28
61,Pond Ecosystem Explained_ Learn Its Role & Fascinating Facts.pdf_61,af4e5679291d26a39f6d37ccdb91afe8dc1200720de0617abda17b3e69dc9038
62,Pond Ecosystem Explained_ Learn Its Role & Fascinating Facts.pdf_62,4ac3db0a181018711b9d2f7a61353a414ee21fce0916e15546d39a5eca3f4737
63,Pond Ecosystem Explained_ Learn Its Role & Fascinating Facts.pdf_63,c0f10a57b5d43e7d2379505193d05112930767fb3a2d6fa2dd5ac294c20fb0c5
64,Pond Ecosystem Explained_ Learn Its Role & Fascinating Facts.pdf_64,4134d866e27d84472ecf89ab634ee53ca823d4c4b50b65517ed2ee83872d6553
65,Pond Ecosystem Explained_ Learn Its Role & Fascinating Facts.pdf_65,33a3159c57c0a08b073122e281b85f5c54c0b4a6c69a3a8b150a090f8ab23c58
66,Pond Ecosystem Explained_ Learn Its Role & Fascinating Facts.pdf_66,17eb09e5e1534a60833993eb31b99ee6a132ca8532c1c1c86d0c1338f7e48b8e
67,Pond Ecosystem Explained_ Learn Its Role & Fascinating Facts.pdf_67,fa74944909e585e293e7ebec35be361dbf7036f22ba9a41dde165ca0473dbca4
68,Resource availability and ecosystem size predict food-chain length in pond ecosystems.pdf,d2396c739fd70d4ac3f5ee13326a7d07b759e15c9a65fbccf719777fbce41706
69,Resource availability and ecosystem size predict food-chain length in pond ecosystems.pdf_69,7e5ccb5ddce0a5731521a4db8a1b8ff4aad4f0fc8921ccb67159aa6a93942b9d
70,Resource availability and ecosystem size predict food-chain length in pond ecosystems.pdf_70,af7f55fb4b658021e24312e42852c09decc84859d7ca390e5802dd7ee084327c
71,Resource availability and ecosystem size predict food-chain length in pond ecosystems.pdf_71,82cdb57314f66a587af96f44594de9367b6baabda1f3cb2c3090eb5f8102500d
72,Resource availability and ecosystem size predict food-chain length in pond ecosystems.pdf_72,1578f120ac4abe4e135e7e86be4708d28c15fa8505ffd5ce1bf0e62088d1390e
73,Resource availability and ecosystem size predict food-chain length in pond ecosystems.pdf_73,fceaa9692e22764d0db87a957c3699853d495648561f460337b4c71c927f1eb2
74,Resource availability and ecosystem size predict food-chain length in pond ecosystems.pdf_74,505904ffb1cb165526730dff377d9cb47176a62680e44928aced0a54fbad3026
75,The ecology and biodiversity.pdf,1d8b32099fca1092cf7879ce9f0d6e9103f2c453f00ae375a48b768802c56ea7
76,The ecology and biodiversity.pdf_76,6f36842df611d0fc49e6c85ece895fa9fb07c7cfb1fc980d639617d810d33f0f
77,The ecology and biodiversity.pdf_77,feab2e6d6cf4972289aa420384585aa60c3f1eced998eedfd4d487984f11ad01
78,The ecology and biodiversity.pdf_78,3fedef37c36cc3984e940f5c9d7fa82e4972eaa69d6e0e98b045496ec350794a
79,The ecology and biodiversity.pdf_79,27ff62c1a983176744c9e5b6516c4ed47722412785d458f738c3325d2b3e9b22
80,The ecology and biodiversity.pdf_80,d411f9789256ab6650b13b1582c4faf86c4e6f94b6eca63f3b5fe61feef0150c
81,The ecology and biodiversity.pdf_81,504803c9663f379888ea6cec36328ef63544f6258573f747d3742b805bb31b41
82,The ecology and biodiversity.pdf_82,8686e5f3332e9583ca8329ace1d57a605d3b80b797f4a229579e2a5faa83eab4
83,The ecology and biodiversity.pdf_83,4ce19f4ead128762d8a1c78ae7e6d9fba3649a2845477a11f5195ec9668504cf
84,The ecology and biodiversity.pdf_84,ccb3193be602e13a1eef2e4aa9a13dc62cc272433ec24f6d1c28c3a1e0a96330
85,The ecology and biodiversity.pdf_85,1a8c91a2ddb250b63a942adefcfd9f2674eddfe6d6addd6345f49b3931d0cc1b
86,The ecology and biodiversity.pdf_86,d71240150deb93952d68d54fa24d9ada8a3bc56e41549bf64221c8a7ac8d0985
87,The ecology and biodiversity.pdf_87,2c700bfd30114e1cacc1a17d61c5d3eb7719d59704dadd1805cf93994e3031d5
88,The ecology and biodiversity.pdf_88,d58b3068becc44ac0006ccb3f57b8c57411962800bffaa36059290ec14507d45
89,The ecology and biodiversity.pdf_89,48d01886d0bf6dd0e5d66a86dbade052425832bac44d422bc0cd97ec8327ba35
90,The ecology and biodiversity.pdf_90,41b397ac6105b290c2cf39157f6f0effd52048469d48de92ae4db68b7eb8b8d2
91,The ecology and biodiversity.pdf_91,e30500b020e2e7c0f683107e49d937596c2b7bef9d3cd04190bc88bf6b4431b3
92,The ecology and biodiversity.pdf_92,050b75c37c90a169ffca267f863e9e6b2b7110607e0525ed010562f9f7f39c4e
93,The ecology and biodiversity.pdf_93,b08c5d1b3206a407eabc2d3070ca654291e0fb4ffd0c6e579923b1093279d52b
94,The ecology and biodiversity.pdf_94,65417fc8aea881eb5babed435ec27b1d286d09b511608680b4b314d9334e3885
95,What Are The Ideal Pond Water Parameters.pdf,2df64d295ad9c976e2eeeb50edfb471fa476ff6addf3d2fbce3b6410d1b24a57
96,What Are The Ideal Pond Water Parameters.pdf_96,58e9f627e917537db4922b14b8fcea5cb3a72eb7d9972353b813fe0e44499bc1
97,What Are The Ideal Pond Water Parameters.pdf_97,79571199fcc92ea92d1cf3517795bc6e16d2c84280a4a04911ca80d4d8a63ab5
98,What Are The Ideal Pond Water Parameters.pdf_98,a36f4d5ecbe6bed57d281b36785e58c815c401b1ecc3dca980d82ed84ad51976
99,What Are The Ideal Pond Water Parameters.pdf_99,01af801e709363169bbf69f30cb5c32e9151715d170ad501c1c3031a28fb9c73
100,What Are The Ideal Pond Water Parameters.pdf_100,89a70876141c145613d8234074495222e2f87cbd95b4b0365084c0dac64423ef
101,What Are The Ideal Pond Water Parameters.pdf_101,0f66abcec90067f647f02bffbc330fdd0fa96f67b41995c1bd9d1ee81a6e88e8
102,What Are The Ideal Pond Water Parameters.pdf_102,e3e571e1159649c5ce5239656440e754a5d4debda5cc28579733d27ed54cbf16
103,What Are The Ideal Pond Water Parameters.pdf_103,335cb87a5983200702318d53c6a6ac2d1b0ecbae8010340841dcb69d0b117bc3
104,What Are The Ideal Pond Water Parameters.pdf_104,1bb09314892b707dd530dffa122b0a21df5cf032a132f0f40e2775aa5f965c2a
105,What Are The Ideal Pond Water Parameters.pdf_105,7a6ff9aed599f5d719a8576a3ae4223b6072197cde52449f8b87f4bcf1507db1
106,What Are The Ideal Pond Water Parameters.pdf_106,d383554ab9d7bf4871eb64848ccdde421bf73b3557bc82c8f22d15ad40b5bc5f
107,What Are The Ideal Pond Water Parameters.pdf_107,7f8b67997bbd8996baff40bfab229c58c1fe8b99e3eb9b2311b3363068e63e9a
108,What Are The Ideal Pond Water Parameters.pdf_108,a8f6aa22bf7db755faeab37f17b96ce6a06b88e4d9af6f45a42390c8f1d8228c
109,What Are The Ideal Pond Water Parameters.pdf_109,76b37acdd0c73aa518e92f8b21493d4dd1e137c52a9985b9c707e70df00b44c4
110,What Are The Ideal Pond Water Parameters.pdf_110,16badd621d902c96f0282074d8317cf1e21b17cd5997d3b89c71192f4d41fdf0
111,What Are The Ideal Pond Water Parameters.pdf_111,4d57ef6ecca988edefa9e3d8e4a7ab5e59727eb5c19eebfa3aa54515fe6fe38e
112,What Are The Ideal Pond Water Parameters.pdf_112,d6568e12cb11ca6675fc56388a247acd973ddf154ba89cdd9fe6ff4fa2f97cc2
113,Evaluation of Balance between Fishes and Available Fish Foods in Multispecies Fish Culture Ponds in Taiwan.pdf,670c6cf678b8badf9ebe69d547b601a69cf572fab50ed9687f9605d764728758
114,Evaluation of Balance between Fishes and Available Fish Foods in Multispecies Fish Culture Ponds in Taiwan.pdf_114,a0a7f5eead73127a6e4192c9a8f9bfea0d26c735f330a99bfe3973c769d14a39
115,Evaluation of Balance between Fishes and Available Fish Foods in Multispecies Fish Culture Ponds in Taiwan.pdf_115,eabd50034d6d2b0376f531c15f935763a79eabe40bfa66531dd909f8eef9ee74
116,Evaluation of Balance between Fishes and Available Fish Foods in Multispecies Fish Culture Ponds in Taiwan.pdf_116,2a09d60c1b23b6bc288007cd8c3e014cc873068c6fc7cf327d843bf960f701dd
117,Evaluation of Balance between Fishes and Available Fish Foods in Multispecies Fish Culture Ponds in Taiwan.pdf_117,5c1b75a696e8e53f7ec9437e787dcf6e2ff412a5da1cd57875f4b6871ffff4e8
118,Evaluation of Balance between Fishes and Available Fish Foods in Multispecies Fish Culture Ponds in Taiwan.pdf_118,5d46af1e246c81efc44abe1d51528f51d0be3b55db7e0f6a9eac633dd6e215c7
119,Evaluation of Balance between Fishes and Available Fish Foods in Multispecies Fish Culture Ponds in Taiwan.pdf_119,f78e8f8d5ca6e206a0479e06fa5d117b1c495919e43ece54efd488929c214dbd
120,Evaluation of Balance between Fishes and Available Fish Foods in Multispecies Fish Culture Ponds in Taiwan.pdf_120,291bb7b1add8d485285ebc69d3e9893fdb6c14947204e11c3533329fb1ac9762
121,Evaluation of Balance between Fishes and Available Fish Foods in Multispecies Fish Culture Ponds in Taiwan.pdf_121,7ba380ea8dd2aed97e6c9f6dc69012f2b8966181184f19f3a9a7a3ebcadd32df
122,Evaluation of Balance between Fishes and Available Fish Foods in Multispecies Fish Culture Ponds in Taiwan.pdf_122,23a2efc2b2604a56c3a68980ae1ed65e43fd00746a6327b3ebdb446337905aa3
123,Evaluation of Balance between Fishes and Available Fish Foods in Multispecies Fish Culture Ponds in Taiwan.pdf_123,11b1dc45f62c02ba5b2a61612c9fbdb03ecd8fb401fbd911d2abb32a224cf512
124,Evaluation of Balance between Fishes and Available Fish Foods in Multispecies Fish Culture Ponds in Taiwan.pdf_124,da7ff8de617212189e2670c2df7e1360c46cd4761d050afa1d8a1948e2579d42
125,Evaluation of Balance between Fishes and Available Fish Foods in Multispecies Fish Culture Ponds in Taiwan.pdf_125,004775f9c4d4942c31e38d11599f5ab31d7bcad182fb801a5573314184759d28
126,"How to Test Pond Water, Essential Guide for Accurate Results.txt",fb62c1eb5710c920f4a4464d3fc05e76e6f3b1d7d4dd5f0b5d8546bdfe5fdcde
127,Does size matter The relationship between pond area and biodiversity.pdf,554ae211101edf885e9ce5543fad4a0fdea4d32b59eb7354ff053b663abde9e1
128,Does size matter The relationship between pond area and biodiversity.pdf_128,858965ab365a4d7a66176b90d8d1025be9978a7baa009977389e2453d4160128
129,Does size matter The relationship between pond area and biodiversity.pdf_129,db45ccf2353f99855d07cc5879c3317aa1914b75a58c2eb27a11f415aa0075ed
130,Does size matter The relationship between pond area and biodiversity.pdf_130,95bb19ab1fe7aa0f65b549b8dafced9cd39db2ab37d4621c478ec6b1d50ad1be
131,Does size matter The relationship between pond area and biodiversity.pdf_131,d9159dbe60b18e8171fdb9909590760a67c6cae14f7963787ebc6233c87eb5b5
132,Does size matter The relationship between pond area and biodiversity.pdf_132,4b317ba4bff4f11901ef436f9c703c81e8e10348c6479cedfce9579ff201b4ac
133,Does size matter The relationship between pond area and biodiversity.pdf_133,fbeb85331d3e09e575f715c4e61de2f9f095f797334f89077aaece4c759a72a0
134,Does size matter The relationship between pond area and biodiversity.pdf_134,1a4aa2fadcf04db6fd6c8140120f003624989603d7a955fef0042176801642d9
135,Does size matter The relationship between pond area and biodiversity.pdf_135,45f253275716ef9441c010c1e23aeab6e3e94cb7d428dbab8c938e1d1b615065
136,Does size matter The relationship between pond area and biodiversity.pdf_136,6aa5d4285c253d035bc70d17fdea7951fa51fa5f7d2a5a98395225f275a776b9
137,Does size matter The relationship between pond area and biodiversity.pdf_137,a60c5c6440163ce610ecd00b910d3c19a31d1df74ffab39500c5974d36306b7f
138,Does size matter The relationship between pond area and biodiversity.pdf_138,f949fd80c2d72f3df682766193b5abbb0873c709fa9503404b33820ff02c9b61
139,Ecosystem consequences of species.pdf,6297976ef706e00434fd3fb4eb984353ba21ec24bfa72e35986ec8e78ea96798
140,Ecosystem consequences of species.pdf_140,ec3afacde9b45dd9f8624a8fef923ad90245ab6fe9841fc0714721fbac9227d9
141,Ecosystem consequences of species.pdf_141,e90a829587ca0f3fe394701db9efc433bf032fbd8c879006c125b64fd2c2bd8c
142,Ecosystem consequences of species.pdf_142,bc6bec6a85026dcfd6b8b92243a3603e9be992f5b66ad7017d3134c35a0d3c83
143,Ecosystem consequences of species.pdf_143,b186e55132567d0b7351ae4ff2ca1c69532b12137adab699d276e17b2459e03c
144,Water Quality Monitoring.txt,0f094fb072fd99f208dffa1dc66875ee792529ad9a14adf6bfc8c00ad3ab49bf
145,General Relationship Between Water Quality and Aquaculture Performance in Ponds.pdf,3b4998a12bd40b3c1ea8d0de887eab2886e84a20651118c40d4bef8b639fb773
146,General Relationship Between Water Quality and Aquaculture Performance in Ponds.pdf_146,8ff2631e75df07af8f693a0210d0859107f1f0c763573c54288f2be9eeab839a
147,General Relationship Between Water Quality and Aquaculture Performance in Ponds.pdf_147,22d4e2e32d10d9f6c01a1f4b458400b2d3bdd02deb8c932f908312e0976dbb98
148,General Relationship Between Water Quality and Aquaculture Performance in Ponds.pdf_148,7f18bf9ea195bbb66b0b61723ee9cc964d912ccef51b43492d4756c5d2c69ed2
149,General Relationship Between Water Quality and Aquaculture Performance in Ponds.pdf_149,28b41a3cf5a4fee23390fc19e9eca4678bffbe321be129bc08db8337bbc376be
150,General Relationship Between Water Quality and Aquaculture Performance in Ponds.pdf_150,5d973fa18928b78915fdd22d6b2b224c230ca878ef10b3f75bdd8f10b4b292b1
151,General Relationship Between Water Quality and Aquaculture Performance in Ponds.pdf_151,3dd853be7ab709021521c7f65d43de3c16f1d8c6333e0e1edbdc7588aa8a5347
152,General Relationship Between Water Quality and Aquaculture Performance in Ponds.pdf_152,f1bedc5b7dee762caeb6c6041c3d6dd95c13e90e24facb33dc45fad737d287a4
153,General Relationship Between Water Quality and Aquaculture Performance in Ponds.pdf_153,b76030b7e5886b5fd71c7f9d8896a5662b7dff7d8ce854b4a291ffb0216c4969
154,General Relationship Between Water Quality and Aquaculture Performance in Ponds.pdf_154,feaf497512d62f0f68a0ac6b6b90da845c35f900204987117ca3eb4625dbec62
155,General Relationship Between Water Quality and Aquaculture Performance in Ponds.pdf_155,2979e3a86bcdbabc1f4bba3f840cda1c75b63c68fd4eb5e9ef7fb0fca37cc42b
156,General Relationship Between Water Quality and Aquaculture Performance in Ponds.pdf_156,b8fbf74059201220da1b0d3961458e768b570e15ed711277ee1c3e6795f4bc95
157,General Relationship Between Water Quality and Aquaculture Performance in Ponds.pdf_157,72b7f664e64579a1f69ec52f9fd5a652f42d8dc3fca3f7303a6bbfba380d908b
158,General Relationship Between Water Quality and Aquaculture Performance in Ponds.pdf_158,ad100c2d934459da8b505f9eacd8520fb13cf25abe9fd8e0b83994fd47c8eb47
159,General Relationship Between Water Quality and Aquaculture Performance in Ponds.pdf_159,282a7ed7dcaa1103aed9695d803d508df6b168635a9f31ff1f23ffeb3ba7e8be
160,General Relationship Between Water Quality and Aquaculture Performance in Ponds.pdf_160,b66292083de5c8401b8d531257c95844c96264cfbedd4a18665aa27717456894
161,General Relationship Between Water Quality and Aquaculture Performance in Ponds.pdf_161,688cf1c197f837787f149d367772369393a29a584bb2218537134794c3debfd3
162,General Relationship Between Water Quality and Aquaculture Performance in Ponds.pdf_162,50a509428b31cd229205125fab42a42f4f512832f780b788987c8570d251829f
163,General Relationship Between Water Quality and Aquaculture Performance in Ponds.pdf_163,9b1f742b0f7088b21d0d51921a65ad75af7ab62a0af84c554626e4ff0f7a5c54
164,General Relationship Between Water Quality and Aquaculture Performance in Ponds.pdf_164,b34be0927d839f042860ae63be2bc2a145b595f3576849d0c3319c90414206ce
165,Water Quality Concerns for Ponds.pdf,d38f2584b849486c9b7d947789e88a9aef0f4dd19947ca4db76355b2e301796e
166,Water Quality Concerns for Ponds.pdf_166,7b653469d91444e898405bc4741e8f4b5de909c38dfd95adc1fe01111a02c011
167,Water Quality Concerns for Ponds.pdf_167,a981c18a9e01b37f16ddacf2c0e594378fa48842b5e21967560655b65ab0d55f
168,Water Quality Concerns for Ponds.pdf_168,42d77022b7e1c390c66b44648b533f300714fa0df3d70e85518faf868b5af8c2
169,Water Quality Concerns for Ponds.pdf_169,a5414f72f98cf6786f1e6a0e3adcbf41cdda1a9e8b7a6a39f1a834ce98d00cee
170,Water Quality Concerns for Ponds.pdf_170,b7998b4205bb64e53db02b693537f255688466cdc77d521632b304c0fa6c784f
171,Water_quality_status_of_some_urban_ponds.pdf,29a72f2b870adfef740b27bd10c1cd8e36a72c57e03224009f0e9c20d3d004cb
172,Water_quality_status_of_some_urban_ponds.pdf_172,09a4f226f880c05cb37d80674532ad577eb5e77ed8312f1fcece18a89739529d
173,Water_quality_status_of_some_urban_ponds.pdf_173,23bf25f0fb41fcec478f69e5dfebee61d64d9025b23ab81645a84c9258f70b6d
174,Water_quality_status_of_some_urban_ponds.pdf_174,4cb968873e945df5562be9a9da83914be9d914999314d2e005b3e399d9ef4545
175,Water_quality_status_of_some_urban_ponds.pdf_175,722ed3f8f0c4d7ce59a7facb6ee957917cc24a904c6019d2369607932da8f031
176,Water_quality_status_of_some_urban_ponds.pdf_176,c96e5935520d3d1f967fe18ba766cdc1b3fbd978b87c84193a60bb5a1b7b9cf1
177,Water_quality_status_of_some_urban_ponds.pdf_177,b69ba4f7c0fcee3cb86092556435063760e2b0d8a0ace4a1545a651e008e454b
